Name,Accuracy
infy_bank,66.66666666666666
mush,83.33333333333334
